time,coord_x,coord_y
13.43638,0.490389,0.620746
13.45009,0.490641,0.621024
13.46403,0.490907,0.621321
13.47813,0.491173,0.621647
13.49188,0.491428,0.622003
13.50604,0.491684,0.622388
13.52312,0.491988,0.622815
13.53357,0.492157,0.623071
13.54763,0.49236,0.623384
13.56156,0.492551,0.623652
13.57541,0.492755,0.623859
13.58928,0.493007,0.624025
13.60337,0.493321,0.624161
13.61713,0.493662,0.624281
13.63117,0.494037,0.624396
13.64505,0.494421,0.624479
13.65905,0.494822,0.624509
13.67291,0.495232,0.624507
13.68696,0.495663,0.624507
13.70079,0.496109,0.624535
13.71457,0.496569,0.624608
13.72869,0.497066,0.624732
13.74252,0.497544,0.624879
13.75647,0.498014,0.625023
13.77041,0.498463,0.625182
13.78416,0.498883,0.625389
13.7981,0.499288,0.625643
13.81232,0.499667,0.625949
13.82617,0.500014,0.626243
13.83995,0.500329,0.626461
13.85388,0.500635,0.626608
13.86782,0.500941,0.626643
13.88189,0.50125,0.626623
13.89558,0.501556,0.626574
13.90955,0.501854,0.626507
13.92361,0.502142,0.626438
13.9374,0.502412,0.626372
13.95133,0.502676,0.626307
13.96535,0.502929,0.626257
13.97906,0.503172,0.626205
13.9931,0.503429,0.626143
14.00701,0.50371,0.626043
14.02103,0.504063,0.62587
14.03484,0.504494,0.625624
14.04887,0.505008,0.625347
14.06289,0.505572,0.625081
14.07661,0.506198,0.624807
14.09059,0.506903,0.624507
14.10435,0.507618,0.624186
14.11834,0.508335,0.623839
14.13222,0.509051,0.623487
14.14626,0.509762,0.623126
14.16011,0.510464,0.622742
14.17413,0.511169,0.62234
14.18807,0.511812,0.621948
14.20197,0.512368,0.621597
14.21591,0.512838,0.621301
14.22975,0.513266,0.621034
14.24374,0.513618,0.62083
14.25757,0.513927,0.620661
14.27173,0.514223,0.620506
14.28551,0.514497,0.620362
14.29943,0.514747,0.62023
14.31337,0.514953,0.620102
14.32728,0.515127,0.619963
14.34117,0.515276,0.619804
14.35505,0.515422,0.61961
14.36915,0.515564,0.619415
14.38298,0.5157,0.619235
14.3969,0.515828,0.619067
14.4107,0.515957,0.61889
14.42491,0.516087,0.618689
14.43876,0.516215,0.618472
14.45266,0.516354,0.618251
14.46639,0.516489,0.618044
14.48039,0.516621,0.617859
14.49431,0.516736,0.6177
14.50823,0.516835,0.617576
14.5221,0.516919,0.617481
14.53609,0.516985,0.617428
14.5501,0.517045,0.617389
14.56395,0.517453,0.617151
14.57797,0.518158,0.616706
14.59179,0.518843,0.616259
14.60572,0.519623,0.615675
14.61961,0.520364,0.61504
14.6335,0.521123,0.614373
14.64752,0.521923,0.613646
14.66178,0.522832,0.612786
14.67535,0.523679,0.611965
14.68927,0.52481,0.610921
14.70323,0.525934,0.609854
14.71705,0.52707,0.608784
14.73116,0.52821,0.607702
14.74482,0.529345,0.606656
14.75891,0.530523,0.605589
14.77276,0.531683,0.604536
14.78675,0.532868,0.603468
14.80073,0.534054,0.602402
14.81451,0.535242,0.601355
14.82839,0.536403,0.60033
14.84241,0.537581,0.599309
14.85634,0.538717,0.59832
14.87032,0.539712,0.59742
14.88431,0.54036,0.596818
14.89808,0.540351,0.596802
14.91209,0.540347,0.59679
14.92605,0.540355,0.596804
14.93984,0.540376,0.596853
14.95388,0.540423,0.596966
14.96775,0.540508,0.597137
14.98181,0.540639,0.597358
14.99551,0.540805,0.597629
15.00947,0.54103,0.597961
15.02334,0.541311,0.598365
15.03738,0.54164,0.598837
15.05132,0.541979,0.599363
15.06518,0.542332,0.599909
15.07907,0.542708,0.600484
15.09295,0.543105,0.601074
15.10699,0.543523,0.601641
15.12071,0.543923,0.602154
15.13475,0.544335,0.602642
15.14888,0.544719,0.603129
15.16265,0.545087,0.603633
15.17662,0.545426,0.604141
15.19051,0.545751,0.604627
15.20437,0.546052,0.605053
15.21832,0.546355,0.605442
15.2322,0.546662,0.605835
15.24611,0.547017,0.606293
15.26021,0.547424,0.606872
15.27405,0.547833,0.607532
15.28788,0.548233,0.608213
15.30196,0.548609,0.608866
15.31569,0.548943,0.609421
15.3297,0.549277,0.609945
15.34369,0.549608,0.610449
15.35761,0.549916,0.610933
15.3714,0.550164,0.611365
15.38549,0.55036,0.611766
15.39921,0.55049,0.612114
15.41333,0.550583,0.612456
15.42728,0.550648,0.612842
15.44102,0.550686,0.613312
15.45498,0.550686,0.613933
15.46885,0.550639,0.614702
15.48283,0.550525,0.615555
15.49686,0.550349,0.616434
15.51068,0.550118,0.617335
15.5246,0.549819,0.618351
15.53851,0.549492,0.619507
15.55257,0.549142,0.620766
15.56635,0.548786,0.621972
15.58044,0.548397,0.623184
15.59425,0.548015,0.624448
15.60815,0.547598,0.625899
15.62209,0.547176,0.627589
15.636,0.546761,0.629405
15.65011,0.546358,0.631288
15.66386,0.545992,0.633122
15.67777,0.545597,0.635126
15.69166,0.545241,0.637293
15.70566,0.54491,0.639684
15.7194,0.544647,0.642131
15.73346,0.544417,0.64459
15.74733,0.544273,0.646835
15.76141,0.544109,0.649155
15.77519,0.543916,0.651934
15.78905,0.543662,0.655878
15.80317,0.543455,0.660904
15.81697,0.543445,0.66637
15.83081,0.543592,0.67173
15.84484,0.54386,0.676773
15.85874,0.544156,0.681232
15.87246,0.544443,0.685231
15.88659,0.544787,0.689155
15.90036,0.545184,0.693088
15.9143,0.545692,0.69738
15.92844,0.546327,0.701776
15.94224,0.546993,0.705673
15.95615,0.547607,0.709077
15.97002,0.548086,0.711815
15.98394,0.548461,0.714
15.998,0.548724,0.715557
16.01168,0.548877,0.716549
16.02571,0.548941,0.717247
16.03955,0.54893,0.717722
16.05349,0.548862,0.71805
16.06746,0.548739,0.718251
16.08144,0.548538,0.718335
16.09531,0.548207,0.718262
16.10947,0.547691,0.717997
16.12318,0.546989,0.7175
16.13721,0.546083,0.716763
16.15104,0.545008,0.715778
16.16497,0.543742,0.714519
16.17881,0.542249,0.712884
16.19283,0.540522,0.710759
16.20665,0.538565,0.708087
16.22058,0.536479,0.705179
16.23463,0.534458,0.702505
16.24848,0.532612,0.700165
16.26243,0.530911,0.697998
16.27634,0.529278,0.695746
16.29022,0.527635,0.693255
16.30418,0.526088,0.690669
16.31812,0.524697,0.688255
16.33186,0.52349,0.68605
16.34588,0.522366,0.683737
16.35981,0.52124,0.681096
16.37379,0.520103,0.678268
16.38773,0.518996,0.675503
16.40147,0.518057,0.673105
16.41552,0.517181,0.67084
16.42947,0.516369,0.668557
16.44344,0.515534,0.666057
16.45733,0.51467,0.663168
16.47111,0.513826,0.660048
16.48507,0.513023,0.656779
16.49904,0.512272,0.653554
16.51294,0.511543,0.650325
16.527,0.510802,0.647027
16.54078,0.510103,0.643661
16.5547,0.50941,0.640094
16.56885,0.508669,0.636292
16.58264,0.507872,0.632762
16.59655,0.507002,0.629464
16.61031,0.506144,0.626446
16.62434,0.505334,0.623596
16.63836,0.504564,0.620878
16.65226,0.503839,0.618441
16.66606,0.503171,0.616367
16.68019,0.50255,0.614577
16.69389,0.501995,0.613053
16.70787,0.50143,0.611541
16.72188,0.500821,0.610026
16.73582,0.50016,0.608564
16.74974,0.499491,0.607221
16.76353,0.498839,0.606042
16.77745,0.498127,0.60493
16.79132,0.497308,0.603799
16.80526,0.496324,0.602554
16.81921,0.495118,0.601101
16.83309,0.493618,0.599502
16.84715,0.491691,0.597826
16.86102,0.489416,0.596209
16.8749,0.486818,0.594542
16.88893,0.483957,0.59277
16.90277,0.480872,0.590899
16.91662,0.477429,0.588827
16.93072,0.47347,0.586557
16.94449,0.469196,0.584257
16.95852,0.464587,0.581894
16.97238,0.460046,0.579731
16.98652,0.455597,0.577764
17.00021,0.451471,0.576052
17.0141,0.447461,0.574485
17.02809,0.443601,0.573002
17.04199,0.44012,0.571625
17.0559,0.437005,0.570443
17.06989,0.43428,0.569479
17.08385,0.431998,0.568787
17.09774,0.429995,0.568272
17.1116,0.42813,0.567853
17.12553,0.42638,0.56748
17.13947,0.424742,0.567079
17.15344,0.423233,0.566686
17.16726,0.421878,0.566324
17.18134,0.420592,0.566
17.19514,0.419424,0.565729
17.20922,0.418279,0.565463
17.22304,0.417192,0.565202
17.23704,0.416105,0.564898
17.25083,0.415046,0.564562
17.26488,0.413958,0.564219
17.27865,0.412917,0.563913
17.2926,0.411871,0.563669
17.30645,0.410906,0.563485
17.32047,0.410052,0.563363
17.33479,0.40926,0.563285
17.34818,0.408609,0.563262
17.36229,0.407988,0.563292
17.37616,0.407443,0.563374
17.39015,0.406929,0.563501
17.40398,0.406463,0.563646
17.41789,0.406035,0.563802
17.4319,0.405644,0.563978
17.44566,0.405289,0.564238
17.47367,0.404596,0.565067
17.48761,0.404103,0.565849
17.50146,0.403609,0.566687
17.51534,0.403074,0.567619
17.52938,0.402481,0.568798
17.5432,0.401861,0.570265
17.55724,0.401249,0.572089
17.57114,0.400643,0.574339
17.58494,0.400003,0.577116
17.59882,0.399294,0.580606
17.61304,0.39851,0.584728
17.62676,0.397714,0.588969
17.64084,0.396871,0.59337
17.65459,0.396052,0.597602
17.66866,0.395232,0.602065
17.6824,0.394456,0.606374
17.69627,0.393696,0.610485
17.71044,0.392938,0.614284
17.72426,0.392256,0.617697
17.73811,0.391647,0.620883
17.75215,0.391114,0.623861
17.76595,0.390635,0.626642
17.77983,0.390198,0.629287
17.79396,0.38977,0.631742
17.80784,0.389372,0.633836
17.82165,0.388995,0.63547
17.83564,0.388608,0.636833
17.84946,0.388215,0.637954
17.86352,0.387856,0.638949
17.87732,0.38753,0.639843
17.89136,0.38725,0.640657
17.90517,0.386999,0.641343
17.91933,0.386782,0.641857
17.933,0.386597,0.642247
17.94706,0.386407,0.642594
17.9609,0.386232,0.642911
17.97471,0.38607,0.643197
17.98872,0.385929,0.643431
18.00274,0.385796,0.643599
18.01661,0.385674,0.643698
18.03044,0.385541,0.643746
18.04435,0.385375,0.643747
18.05826,0.385176,0.643698
18.07228,0.384921,0.643568
18.08619,0.384638,0.643338
18.10014,0.384331,0.642944
18.11399,0.383992,0.642345
18.12795,0.383609,0.641477
18.14183,0.383206,0.640389
18.1558,0.382798,0.639153
18.16969,0.382416,0.637811
18.18349,0.38206,0.636365
18.19743,0.38172,0.634727
18.21139,0.381412,0.632933
18.2256,0.381136,0.631077
18.23924,0.38094,0.629446
18.25322,0.380801,0.628027
18.26699,0.38074,0.626826
18.28119,0.380775,0.625672
18.29514,0.380886,0.624546
18.30885,0.381038,0.623423
18.32271,0.381237,0.622323
18.33677,0.38147,0.621326
18.35071,0.381721,0.620491
18.36473,0.381955,0.619785
18.37843,0.382194,0.619114
18.39239,0.382472,0.618327
18.40639,0.3828,0.617415
18.42035,0.383113,0.616514
18.43427,0.383379,0.615699
18.4481,0.383607,0.615015
18.46213,0.383833,0.614373
18.47586,0.384054,0.613765
18.48992,0.384291,0.613132
18.50398,0.384528,0.612534
18.51771,0.384763,0.612002
18.53173,0.38501,0.611516
18.54556,0.385279,0.611098
18.55961,0.385606,0.610672
18.57352,0.385964,0.610278
18.58739,0.386362,0.609885
18.60143,0.386836,0.60949
18.61507,0.387346,0.609129
18.62911,0.387942,0.608776
18.64311,0.388612,0.608437
18.65692,0.389397,0.608058
18.67098,0.390382,0.607604
18.68488,0.391518,0.6071
18.6987,0.392806,0.606624
18.71266,0.394243,0.606199
18.72661,0.39578,0.60585
18.7405,0.397395,0.605534
18.75444,0.399146,0.605222
18.76842,0.40107,0.60491
18.78239,0.403074,0.604646
18.79621,0.405254,0.604458
18.81008,0.407653,0.604374
18.82396,0.410252,0.604408
18.83804,0.413136,0.604521
18.85184,0.416139,0.604717
18.86595,0.419485,0.604982
18.87977,0.422885,0.60531
18.89371,0.426401,0.605647
18.90768,0.429922,0.605956
18.92134,0.433327,0.606187
18.93543,0.43675,0.606371
18.94927,0.439938,0.606507
18.96335,0.44314,0.606556
18.97729,0.446178,0.606592
18.99117,0.44908,0.606626
19.00492,0.451791,0.606646
19.01915,0.454455,0.606678
19.0327,0.45686,0.606691
19.04691,0.45929,0.606674
19.06073,0.461707,0.606686
19.07456,0.464094,0.606702
19.0886,0.466508,0.606766
19.1026,0.468836,0.606863
19.1163,0.471083,0.607006
19.13043,0.473426,0.607217
19.1441,0.475889,0.607514
19.15811,0.478632,0.607927
19.1722,0.481568,0.60837
19.1861,0.484454,0.608823
19.19991,0.487184,0.609336
19.21383,0.489898,0.610008
19.22772,0.492815,0.610945
19.2417,0.495945,0.612175
19.25559,0.499081,0.613672
19.26958,0.502168,0.615473
19.28359,0.505349,0.617853
19.29756,0.508944,0.621191
19.31131,0.513003,0.625422
19.32543,0.517707,0.630478
19.3392,0.522353,0.635442
19.35316,0.527142,0.640408
19.36692,0.531824,0.645443
19.38089,0.536777,0.650751
19.39486,0.541937,0.656299
19.40888,0.54707,0.661888
19.42283,0.551849,0.667115
19.43675,0.556017,0.671751
19.45047,0.559693,0.675819
19.46465,0.563003,0.679478
19.47847,0.565843,0.682672
19.49228,0.568361,0.68589
19.50631,0.570655,0.689331
19.52028,0.572684,0.692827
19.53403,0.574523,0.69622
19.54808,0.576236,0.699396
19.56191,0.577782,0.702134
19.57587,0.579235,0.704555
19.58986,0.58062,0.706739
19.60365,0.581913,0.708658
19.6177,0.583184,0.71054
19.63152,0.584472,0.712449
19.64545,0.585726,0.714264
19.65952,0.586937,0.715851
19.67324,0.587974,0.717033
19.68729,0.588918,0.71794
19.70108,0.589765,0.718669
19.71517,0.590628,0.719417
19.72917,0.591505,0.72024
19.7429,0.592406,0.72113
19.75682,0.593355,0.722047
19.77075,0.594325,0.722895
19.78476,0.595282,0.723664
19.79877,0.596184,0.724352
19.81264,0.597034,0.72496
19.82642,0.597846,0.725522
19.84028,0.598687,0.726077
19.85432,0.599598,0.72667
19.86824,0.60058,0.727306
19.88217,0.601575,0.727973
19.89612,0.602534,0.728641
19.90999,0.603386,0.729284
19.92406,0.604181,0.729909
19.9379,0.604926,0.730483
19.95174,0.605628,0.730992
19.96565,0.606276,0.731444
19.97972,0.606814,0.731804
19.99353,0.607287,0.73212
20.00748,0.607673,0.732393
20.02143,0.607963,0.732605
20.03546,0.608204,0.732751
20.04908,0.608384,0.732824
20.06323,0.608522,0.732836
20.07714,0.608626,0.7328
20.09102,0.608707,0.732723
20.10503,0.608763,0.732614
20.11892,0.608795,0.732485
20.13275,0.608803,0.732318
20.14674,0.608771,0.732078
20.16056,0.608668,0.731745
20.1745,0.608486,0.731344
20.18845,0.608219,0.730947
20.20234,0.60789,0.730568
20.21629,0.60752,0.730156
20.23019,0.607108,0.729642
20.24421,0.606641,0.729062
20.25797,0.606135,0.728475
20.27194,0.605625,0.727939
20.28601,0.605127,0.727446
20.29981,0.604644,0.726986
20.31367,0.604154,0.726523
20.32775,0.603659,0.726056
20.3415,0.603155,0.725596
20.35556,0.602652,0.72513
20.36955,0.602123,0.724639
20.38318,0.601578,0.724126
20.39742,0.600934,0.723535
20.41111,0.600293,0.722931
20.42514,0.599642,0.722374
20.43896,0.599006,0.721878
20.45291,0.598345,0.721394
20.46692,0.597609,0.720805
20.48072,0.596808,0.720072
20.49489,0.595865,0.719116
20.50864,0.594871,0.718061
20.52246,0.593806,0.716967
20.53666,0.592697,0.715838
20.55037,0.59157,0.714697
20.56439,0.590367,0.713404
20.57817,0.589088,0.711908
20.59225,0.587731,0.71021
20.60604,0.58645,0.708603
20.62,0.585183,0.707049
20.63399,0.583952,0.705582
20.64784,0.582622,0.704002
20.66178,0.581117,0.702144
20.67571,0.579336,0.699876
20.68965,0.577274,0.697313
20.7037,0.57499,0.694752
20.71741,0.572603,0.69234
20.73148,0.569895,0.689817
20.74546,0.566825,0.687002
20.75924,0.563268,0.683703
20.77322,0.559181,0.679789
20.78714,0.55474,0.675593
20.8011,0.549902,0.671303
20.81489,0.545029,0.667152
20.82889,0.54,0.662936
20.84297,0.535135,0.658676
20.85678,0.530583,0.65449
20.87073,0.526195,0.650114
20.88444,0.521963,0.645709
20.89853,0.5178,0.641173
20.91232,0.513893,0.636746
20.92624,0.510313,0.632451
20.94029,0.507046,0.628459
20.95423,0.504026,0.62489
20.968,0.501163,0.621807
20.98209,0.498283,0.619088
20.99591,0.49566,0.616774
21.00986,0.49316,0.614775
21.02388,0.490651,0.613105
21.03764,0.487871,0.611739
21.05154,0.484943,0.610721
21.06545,0.482156,0.610027
21.07945,0.479532,0.609551
21.09334,0.477177,0.60922
21.10741,0.475014,0.608944
21.12113,0.472965,0.608673
21.13502,0.470875,0.608356
21.14907,0.468782,0.6081
21.16307,0.466824,0.608045
21.17693,0.465,0.608245
21.19081,0.463249,0.608689
21.20483,0.461485,0.609278
21.21868,0.45966,0.610046
21.23263,0.457605,0.611214
21.24653,0.455144,0.61306
21.26058,0.452378,0.615611
21.27426,0.44953,0.618642
21.28826,0.446362,0.622533
21.30217,0.442778,0.627588
21.3161,0.438691,0.63419
21.33011,0.434213,0.6424
21.34398,0.42972,0.651428
21.35784,0.42536,0.660468
21.37195,0.421075,0.669117
21.38577,0.417055,0.676771
21.39966,0.413008,0.683735
21.41352,0.409174,0.689746
21.4276,0.405306,0.695005
21.4414,0.401624,0.699569
21.4553,0.397935,0.703657
21.46948,0.394041,0.707377
21.48324,0.390334,0.710539
21.49725,0.386821,0.713321
21.51114,0.383592,0.715807
21.52489,0.380566,0.718009
21.53899,0.377605,0.719989
21.55285,0.374749,0.721738
21.5666,0.371914,0.723408
21.58055,0.36906,0.725161
21.59462,0.366312,0.72699
21.60847,0.363688,0.728927
21.62243,0.361101,0.731106
21.63638,0.35841,0.733556
21.6502,0.355681,0.736118
21.66415,0.352927,0.738697
21.67812,0.350211,0.741329
21.69198,0.347625,0.743939
21.70597,0.345022,0.746565
21.71984,0.342447,0.748978
21.73374,0.339898,0.751161
21.7476,0.337433,0.753205
21.76168,0.33495,0.755212
21.7756,0.33258,0.757131
21.78943,0.33036,0.758885
21.80342,0.328203,0.760424
21.81725,0.326045,0.761791
21.83117,0.323749,0.763099
21.84521,0.321216,0.764382
21.85898,0.318575,0.765558
21.87297,0.315933,0.766631
21.88682,0.313431,0.767638
21.90079,0.311163,0.7686
21.91472,0.309152,0.769554
21.92886,0.307455,0.770434
21.94251,0.306046,0.771217
21.95658,0.304886,0.771918
21.97039,0.304002,0.772474
21.98437,0.303315,0.7729
21.99833,0.302733,0.773255
22.01226,0.302296,0.773508
22.02619,0.301977,0.773708
22.03994,0.301768,0.773858
22.05402,0.301632,0.773972
22.06785,0.301545,0.77406
22.08187,0.301481,0.774126
22.09566,0.301446,0.774152
22.10969,0.301413,0.774175
22.12355,0.301384,0.774194
22.13742,0.301359,0.774212
22.1514,0.301337,0.774228
22.16526,0.30135,0.774218
22.17924,0.301379,0.774184
22.19308,0.301416,0.774125
22.20706,0.30146,0.774034
22.221,0.301516,0.773887
22.23495,0.301601,0.773643
22.24881,0.301725,0.77332
22.26277,0.301904,0.772937
22.27667,0.30211,0.772555
22.29059,0.30236,0.772149
22.30451,0.302673,0.771669
22.3184,0.303082,0.771079
22.33232,0.303582,0.770401
22.34631,0.304199,0.769633
22.36031,0.304947,0.768775
22.37413,0.305875,0.767768
22.38816,0.307066,0.766522
22.40212,0.308492,0.765045
22.41586,0.310179,0.763355
22.42993,0.312184,0.761444
22.4437,0.314386,0.759438
22.45769,0.316862,0.757247
22.47164,0.319559,0.754828
22.48559,0.322403,0.752241
22.49956,0.325264,0.749533
22.51339,0.328109,0.74671
22.52724,0.331031,0.74368
22.54124,0.334068,0.740499
22.55514,0.337254,0.737131
22.56902,0.340632,0.733539
22.58294,0.344225,0.7298
22.597,0.347832,0.726011
22.61075,0.35127,0.722417
22.62469,0.354883,0.718673
22.63864,0.358618,0.714887
22.65266,0.362509,0.711102
22.66637,0.36623,0.707721
22.68044,0.369799,0.704629
22.69456,0.373212,0.701755
22.7082,0.37645,0.69906
22.72214,0.379771,0.6963
22.73605,0.382971,0.693651
22.74994,0.386037,0.691197
22.76409,0.388934,0.688864
22.77783,0.391667,0.686686
22.79191,0.394483,0.684425
22.80571,0.397337,0.682124
22.81961,0.400195,0.679817
22.83344,0.402898,0.677683
22.84766,0.405411,0.675786
22.86138,0.407678,0.674091
22.87533,0.410026,0.672364
22.88922,0.412509,0.670479
22.90328,0.415288,0.668398
22.91699,0.418009,0.666336
22.93104,0.42065,0.664346
22.94486,0.422987,0.662671
22.95878,0.425158,0.661176
22.9728,0.427175,0.659781
22.98671,0.42916,0.658409
23.00072,0.431154,0.656998
23.01459,0.433104,0.655567
23.02848,0.434973,0.654185
23.0424,0.436621,0.652893
23.05627,0.437998,0.651762
23.07034,0.43919,0.650734
23.08416,0.440251,0.649778
23.09828,0.441325,0.648857
23.11207,0.442353,0.648048
23.12606,0.443332,0.647384
23.13978,0.444184,0.646882
23.15383,0.444957,0.646447
23.16761,0.445629,0.646042
23.18169,0.446253,0.645653
23.19555,0.446798,0.645319
23.20965,0.447282,0.645051
23.22335,0.447666,0.644909
23.23729,0.448012,0.644832
23.25116,0.448304,0.644806
23.26514,0.448588,0.644838
23.27907,0.448872,0.644935
23.29303,0.44918,0.645109
23.30723,0.449534,0.645394
23.32093,0.449922,0.645816
23.3347,0.450359,0.646468
23.34865,0.45087,0.647511
23.36258,0.451474,0.648988
23.37648,0.452146,0.650922
23.39041,0.452855,0.653307
23.40441,0.45357,0.656354
23.41827,0.454279,0.660088
23.43216,0.454986,0.664713
23.44626,0.455742,0.670718
23.46012,0.456542,0.677491
23.47394,0.457291,0.684426
23.48783,0.45795,0.691132
23.50182,0.458567,0.69749
23.51578,0.459138,0.703704
23.52971,0.459717,0.709652
23.54353,0.460291,0.715238
23.5576,0.460882,0.720467
23.57146,0.461448,0.72533
23.58553,0.462029,0.730101
23.59924,0.462626,0.734553
23.61343,0.463227,0.738779
23.62713,0.463787,0.74232
23.64108,0.464279,0.745439
23.65491,0.464706,0.74806
23.6689,0.465105,0.750525
23.68301,0.46551,0.752898
23.69682,0.465876,0.755081
23.71081,0.466189,0.757014
23.72459,0.466476,0.758592
23.73852,0.46675,0.759885
23.7526,0.467027,0.76106
23.76637,0.467307,0.76219
23.78038,0.467592,0.763326
23.79421,0.467877,0.76436
23.80822,0.468187,0.765253
23.822,0.468505,0.766002
23.83608,0.468839,0.766607
23.84983,0.469149,0.767115
23.86404,0.469426,0.767563
23.87784,0.469666,0.767944
23.89166,0.469886,0.768263
23.90552,0.470111,0.76853
23.91957,0.470314,0.768755
23.93364,0.470477,0.768931
23.94741,0.4706,0.769069
23.96114,0.470699,0.769173
23.97501,0.470782,0.769243
23.98904,0.47085,0.769284
24.00302,0.470907,0.769308
24.01696,0.470957,0.769324
24.03099,0.471002,0.769333
24.04477,0.471041,0.769324
24.05868,0.471078,0.769286
24.07281,0.471115,0.769201
24.08657,0.471158,0.769054
24.10053,0.471202,0.768855
24.1145,0.471246,0.768595
24.12836,0.47128,0.768262
24.14221,0.471323,0.767799
24.15623,0.471376,0.767178
24.17001,0.471434,0.766425
24.18409,0.471491,0.765585
24.19794,0.471546,0.764671
24.21195,0.471599,0.763603
24.22583,0.471664,0.762348
24.23981,0.471756,0.76087
24.25358,0.471857,0.759371
24.26762,0.47196,0.757939
24.28146,0.472031,0.7567
24.29549,0.472074,0.755525
24.3093,0.472099,0.754371
24.32331,0.47211,0.75313
24.33725,0.472094,0.751783
24.35103,0.472047,0.750305
24.36514,0.471973,0.748739
24.37898,0.471869,0.747191
24.39293,0.471744,0.74561
24.40669,0.471568,0.743901
24.42091,0.471315,0.741817
24.43458,0.470998,0.739516
24.44865,0.47054,0.736796
24.46249,0.469979,0.734029
24.47653,0.469248,0.730984
24.49025,0.468375,0.727706
24.50435,0.467251,0.723692
24.51816,0.465849,0.718915
24.53216,0.464106,0.71336
24.54595,0.462157,0.707957
24.55989,0.46006,0.703036
24.57385,0.457983,0.698655
24.58783,0.455942,0.694445
24.60169,0.45392,0.690145
24.61557,0.45183,0.685437
24.62972,0.449695,0.680344
24.64351,0.447828,0.675647
24.6575,0.446163,0.671265
24.67125,0.444785,0.667317
24.6853,0.443533,0.663278
24.69916,0.442401,0.65912
24.71325,0.441358,0.654849
24.727,0.440513,0.650985
24.74102,0.439788,0.647403
24.75481,0.439258,0.644056
24.76902,0.43887,0.640316
24.78267,0.438638,0.636344
24.79661,0.438449,0.632302
24.81055,0.438284,0.628788
24.82452,0.438197,0.625766
24.83839,0.438286,0.623097
24.8523,0.438608,0.620475
24.86624,0.439114,0.617753
24.88014,0.439802,0.614997
24.89395,0.440618,0.612467
24.90796,0.441632,0.61004
24.92188,0.442831,0.607712
24.93584,0.444222,0.605381
24.94962,0.445764,0.603093
24.96359,0.447456,0.600807
24.97754,0.44931,0.59864
24.99155,0.451348,0.596603
25.00544,0.453503,0.594742
25.01929,0.455871,0.592887
25.03327,0.458463,0.590936
25.04709,0.461252,0.588903
25.06115,0.464228,0.58685
25.07504,0.467173,0.584991
25.08892,0.47017,0.583344
25.10287,0.473193,0.581895
25.11675,0.4764,0.580535
25.13071,0.47977,0.579145
25.14472,0.483395,0.577677
25.15851,0.487056,0.576203
25.17254,0.490833,0.574778
25.18647,0.494536,0.573524
25.20026,0.498299,0.572389
25.21419,0.502181,0.571317
25.22829,0.506147,0.570186
25.24215,0.510015,0.569019
25.2561,0.5138,0.567719
25.27025,0.517622,0.566331
25.28384,0.521204,0.565054
25.29783,0.52482,0.563895
25.31177,0.528266,0.562868
25.3256,0.531605,0.561862
25.33947,0.534824,0.560858
25.35345,0.53799,0.559775
25.36737,0.540972,0.558751
25.38128,0.543826,0.557783
25.39531,0.546575,0.556905
25.40922,0.549106,0.55611
25.42316,0.551521,0.555363
25.43706,0.553748,0.554748
25.45113,0.555811,0.554206
25.46484,0.557686,0.553761
25.47878,0.559507,0.553347
25.49267,0.561235,0.552936
25.50658,0.56289,0.552503
25.52057,0.564472,0.552083
25.5345,0.565941,0.55172
25.54824,0.567296,0.55141
25.56223,0.568594,0.551111
25.57622,0.569797,0.550812
25.59008,0.570849,0.550536
25.60424,0.571812,0.55032
25.61798,0.57265,0.550209
25.63185,0.573485,0.550188
25.6459,0.57427,0.550208
25.6597,0.575038,0.550199
25.67366,0.575788,0.550119
25.68762,0.576534,0.54997
25.70154,0.577235,0.549764
25.71557,0.577884,0.549542
25.72936,0.578461,0.549314
25.74341,0.578979,0.54908
25.75735,0.57943,0.548839
25.77117,0.5798,0.548603
25.7851,0.580108,0.548372
25.79894,0.580368,0.548152
25.81285,0.580623,0.547912
25.8269,0.580861,0.54763
25.84073,0.581062,0.547304
25.85485,0.581217,0.546938
25.86866,0.581336,0.546559
25.88269,0.58143,0.546193
25.89648,0.581479,0.545809
25.91053,0.58148,0.545391
25.92439,0.581442,0.544929
25.93817,0.581375,0.544433
25.9525,0.581273,0.543949
25.96613,0.581152,0.543534
25.98001,0.581001,0.54317
25.99391,0.580807,0.542804
26.00786,0.580555,0.542437
26.02186,0.580249,0.542064
26.03568,0.57987,0.541689
26.04959,0.579393,0.541313
26.06354,0.578851,0.540953
26.07743,0.578263,0.540611
26.0915,0.577599,0.540257
26.10522,0.576884,0.539901
26.11921,0.57604,0.539497
26.13309,0.575032,0.539049
26.14701,0.573907,0.53852
26.16106,0.572519,0.537847
26.1749,0.570883,0.536969
26.18881,0.568784,0.535781
26.20275,0.566172,0.534388
26.21674,0.563315,0.533015
26.23053,0.560459,0.53189
26.24465,0.557671,0.530891
26.25839,0.555112,0.530029
26.27246,0.552606,0.529152
26.28636,0.550128,0.528235
26.30017,0.547738,0.527351
26.31401,0.545438,0.526582
26.32813,0.543229,0.525923
26.34194,0.541117,0.525379
26.35591,0.539027,0.524815
26.36979,0.536941,0.524111
26.38371,0.534722,0.523127
26.39777,0.532178,0.521881
26.41159,0.529452,0.520528
26.42558,0.526594,0.519147
26.4394,0.523759,0.517806
26.45344,0.520893,0.516443
26.4673,0.518111,0.515052
26.48114,0.515301,0.513512
26.49519,0.512291,0.511731
26.50906,0.509295,0.509866
26.52307,0.50642,0.50804
26.53679,0.503869,0.506355
26.55079,0.501612,0.504795
26.56491,0.499701,0.503386
26.57865,0.497996,0.501979
26.59277,0.496222,0.500322
26.60651,0.494383,0.498352
26.6204,0.492546,0.496218
26.63437,0.490773,0.494035
26.64831,0.489064,0.491951
26.66237,0.487332,0.489837
26.67618,0.485596,0.487729
26.69014,0.483835,0.485551
26.704,0.482161,0.483489
26.71781,0.480592,0.481596
26.7319,0.47909,0.479817
26.74569,0.477673,0.47811
26.7597,0.476306,0.47637
26.77352,0.474973,0.474688
26.78757,0.473662,0.473091
26.80139,0.472393,0.471575
26.81531,0.471143,0.470064
26.82931,0.469923,0.468607
26.84316,0.468725,0.467257
26.85715,0.467515,0.466005
26.87097,0.46628,0.464791
26.88493,0.464995,0.463576
26.89885,0.463726,0.46236
26.91287,0.462507,0.461189
26.92666,0.461387,0.46018
26.94073,0.460323,0.459295
26.95459,0.459304,0.458532
26.96837,0.458304,0.457834
26.98249,0.457264,0.457193
26.99633,0.45624,0.456695
27.01023,0.455156,0.456321
27.02413,0.453972,0.456025
27.03808,0.452641,0.455849
27.05191,0.451205,0.455791
27.06583,0.449661,0.455884
27.07993,0.447942,0.456196
27.09376,0.446108,0.456702
27.10772,0.444145,0.457321
27.12159,0.442075,0.457947
27.13556,0.439803,0.458545
27.14943,0.437537,0.459103
27.16344,0.435307,0.459687
27.17732,0.433151,0.460326
27.19124,0.431028,0.460971
27.20529,0.428913,0.461586
27.21916,0.426856,0.462102
27.23297,0.424809,0.462542
27.24685,0.422902,0.462918
27.26085,0.42112,0.463297
27.27482,0.419518,0.463725
27.28885,0.417987,0.464205
27.30254,0.416601,0.464702
27.3165,0.415229,0.465201
27.33037,0.413941,0.465671
27.34441,0.412798,0.466072
27.35824,0.411895,0.466382
27.37213,0.411162,0.466654
27.38616,0.410506,0.466918
27.40005,0.409992,0.467178
27.41405,0.409543,0.467485
27.42789,0.40915,0.467852
27.44191,0.408816,0.468277
27.4558,0.408559,0.468728
27.4697,0.40837,0.469197
27.48362,0.408249,0.469651
27.4975,0.408186,0.470103
27.51143,0.408182,0.470568
27.52533,0.408228,0.471085
27.5392,0.408346,0.471664
27.55327,0.408529,0.472283
27.56713,0.40878,0.472893
27.58116,0.409082,0.473479
27.59488,0.409401,0.473946
27.60888,0.409783,0.474334
27.62273,0.410255,0.47467
27.63669,0.410877,0.474983
27.65068,0.41165,0.475266
27.66464,0.412597,0.475486
27.67857,0.413683,0.475584
27.6924,0.414948,0.475536
27.70646,0.416429,0.475398
27.7203,0.418103,0.475236
27.73429,0.420001,0.475082
27.74809,0.422022,0.474917
27.76201,0.424245,0.474668
27.77606,0.426597,0.474269
27.78986,0.429021,0.473753
27.80388,0.431547,0.473165
27.81761,0.434178,0.472583
27.8317,0.436854,0.472005
27.84555,0.439415,0.471367
27.85944,0.441906,0.470593
27.87341,0.444327,0.469649
27.88749,0.446599,0.468702
27.90134,0.4487,0.467805
27.91523,0.450724,0.466933
27.92916,0.452628,0.466038
27.943,0.454341,0.465142
27.9569,0.455905,0.46428
27.97089,0.457278,0.463566
27.98479,0.458481,0.463032
27.99883,0.459656,0.462589
28.0126,0.46078,0.462186
28.0265,0.461895,0.461797
28.04052,0.463011,0.461436
28.05449,0.464139,0.461137
28.06844,0.465254,0.460924
28.08229,0.466415,0.460753
28.09612,0.467669,0.460568
28.11019,0.469039,0.460337
28.124,0.470425,0.460086
28.13802,0.471838,0.459846
28.15182,0.473278,0.459664
28.16586,0.474738,0.459575
28.17964,0.476177,0.459549
28.19356,0.477637,0.459563
28.20755,0.479236,0.459678
28.22145,0.480939,0.459889
28.23544,0.482868,0.460205
28.24938,0.484888,0.460604
28.26333,0.486937,0.461052
28.27718,0.489056,0.461545
28.29107,0.491254,0.462083
28.30498,0.493531,0.462702
28.31891,0.495788,0.463401
28.3329,0.498042,0.464168
28.34675,0.50019,0.464937
28.3608,0.50235,0.465707
28.37457,0.504472,0.466436
28.38853,0.506596,0.467112
28.40251,0.508674,0.467752
28.41642,0.510636,0.468342
28.43048,0.512572,0.468908
28.44419,0.514411,0.469449
28.45816,0.516276,0.469992
28.47226,0.518068,0.470516
28.48594,0.519709,0.470968
28.49994,0.521282,0.471361
28.51385,0.522781,0.47175
28.52779,0.524248,0.472184
28.54169,0.525625,0.472622
28.55567,0.526901,0.473071
28.56955,0.528078,0.473488
28.58345,0.529124,0.473883
28.59738,0.530127,0.474298
28.61125,0.531079,0.474733
28.62527,0.531972,0.475205
28.63914,0.532758,0.475659
28.65322,0.533424,0.476077
28.66708,0.533954,0.476422
28.68107,0.5344,0.476737
28.69477,0.534813,0.477051
28.70869,0.53521,0.477404
28.72264,0.535626,0.4778
28.73672,0.536014,0.478199
28.75047,0.536356,0.478558
28.76451,0.536655,0.478865
28.77842,0.536914,0.479131
28.79226,0.537124,0.479338
28.80649,0.537315,0.479527
28.82013,0.537481,0.479702
28.834,0.53763,0.479874
28.84801,0.537762,0.480052
28.86184,0.537857,0.480231
28.87584,0.537919,0.480412
28.88988,0.537926,0.480599
28.90359,0.537871,0.480784
28.9175,0.537769,0.480969
28.93169,0.537636,0.481151
28.94535,0.537448,0.48136
28.95926,0.537137,0.481642
28.97332,0.536609,0.48204
28.98731,0.535866,0.482562
29.00104,0.534934,0.483187
29.01498,0.533822,0.483915
29.02902,0.532637,0.484668
29.04293,0.531425,0.485446
29.05692,0.530172,0.486268
29.0708,0.528857,0.487131
29.08469,0.527514,0.487991
29.09862,0.526102,0.488819
29.11249,0.524728,0.489595
29.1265,0.523369,0.490391
29.1404,0.522028,0.491276
29.15422,0.52072,0.4922
29.16821,0.519429,0.4931
29.18211,0.518233,0.493856
29.19597,0.516982,0.494539
29.21004,0.515707,0.495179
29.22397,0.514419,0.49589
29.23786,0.513171,0.496683
29.25178,0.511949,0.497534
29.26561,0.510769,0.498354
29.27956,0.509594,0.499158
29.29364,0.50842,0.499964
29.30743,0.507297,0.500805
29.32145,0.506207,0.501682
29.33519,0.505248,0.502514
29.34917,0.504315,0.503325
29.36308,0.503431,0.504064
29.37706,0.502536,0.504788
29.39096,0.501653,0.505506
29.40481,0.50075,0.506286
29.41891,0.49981,0.507135
29.43273,0.498896,0.508003
29.44695,0.49799,0.50885
29.46045,0.497114,0.509653
29.4746,0.49616,0.510557
29.48829,0.495131,0.511638
29.50249,0.49393,0.513031
29.51613,0.492684,0.514532
29.53035,0.491256,0.516279
29.54408,0.489756,0.518163
29.55805,0.488061,0.520477
29.5719,0.486252,0.523283
29.586,0.484244,0.526689
29.59971,0.482203,0.530221
29.61375,0.480056,0.5338
29.62756,0.477831,0.537207
29.64152,0.475415,0.540765
29.6555,0.472833,0.544626
29.66933,0.470172,0.548703
29.68337,0.467484,0.552948
29.69718,0.464966,0.557043
29.71125,0.462513,0.561018
29.72499,0.460297,0.564615
29.73914,0.458148,0.567962
29.75288,0.456192,0.570961
29.76669,0.454289,0.573804
29.78065,0.452437,0.576533
29.79465,0.450642,0.579158
29.80856,0.448964,0.581453
29.82246,0.447456,0.583393
29.83646,0.446016,0.58504
29.85036,0.44468,0.586428
29.86433,0.443344,0.587654
29.87829,0.442136,0.588702
29.89223,0.441017,0.589616
29.90615,0.440015,0.590404
29.91996,0.439055,0.591127
29.93393,0.438102,0.59179
29.94785,0.43719,0.59239
29.96171,0.436324,0.592936
29.97573,0.435529,0.593439
29.98965,0.434799,0.593891
30.00353,0.434118,0.59431
30.01746,0.433452,0.594718
30.03151,0.432771,0.595155
30.04552,0.432094,0.595624
30.05929,0.431513,0.596073
30.0732,0.431023,0.596471
30.08698,0.430645,0.596801
30.1009,0.430307,0.597118
30.11488,0.429995,0.597453
30.12879,0.42969,0.597831
30.1427,0.42942,0.598226
30.15667,0.429206,0.598606
30.17056,0.429046,0.598947
30.18455,0.428944,0.599246
30.19849,0.428883,0.599502
30.21233,0.428859,0.599736
30.22626,0.428867,0.599971
30.24019,0.428916,0.600214
30.25408,0.429017,0.600452
30.2681,0.429166,0.600677
30.28194,0.429379,0.600913
30.29592,0.429661,0.601181
30.30981,0.430024,0.601497
30.32379,0.430468,0.601855
30.33774,0.431014,0.602226
30.35184,0.431613,0.602593
30.36545,0.432273,0.602935
30.37941,0.432999,0.603279
30.39342,0.433807,0.603647
30.40734,0.434635,0.604065
30.42115,0.435486,0.604525
30.43521,0.436395,0.605021
30.44902,0.437303,0.605476
30.46306,0.438238,0.605905
30.47684,0.439131,0.606266
30.49083,0.439985,0.606573
30.50475,0.440783,0.60687
30.51866,0.441577,0.607151
30.53258,0.44242,0.607456
30.54669,0.443261,0.607738
30.56049,0.444071,0.60798
30.5745,0.44491,0.608191
30.5881,0.445771,0.608405
30.60221,0.446781,0.608655
30.6161,0.447866,0.608927
30.6301,0.449067,0.609217
30.64397,0.450334,0.6095
30.65809,0.451673,0.609823
30.67171,0.453068,0.6102
30.68575,0.454611,0.610635
30.69952,0.456229,0.611064
30.71343,0.45793,0.611452
30.72745,0.459691,0.611796
30.74129,0.461405,0.612121
30.75518,0.463079,0.612518
30.76927,0.464745,0.612997
30.78307,0.466406,0.613549
30.79701,0.468107,0.614181
30.81113,0.469824,0.614854
30.82485,0.471579,0.615537
30.83881,0.473467,0.616297
30.85285,0.475495,0.617168
30.86652,0.477509,0.61808
30.8805,0.479584,0.61904
30.89456,0.481695,0.619983
30.90837,0.483776,0.620889
30.92233,0.485896,0.62181
30.93625,0.487977,0.62274
30.9502,0.490048,0.623659
30.96405,0.492007,0.62451
30.97804,0.493875,0.625263
30.99203,0.495629,0.625927
31.0059,0.497262,0.626464
31.01978,0.498779,0.626908
31.03353,0.500145,0.627282
31.04763,0.501433,0.627661
31.06149,0.50259,0.62803
31.07564,0.503742,0.62841
31.08925,0.504888,0.628769
31.10334,0.506106,0.629111
31.11724,0.507301,0.629409
31.1313,0.508521,0.629687
31.14511,0.509707,0.629956
31.15891,0.510957,0.630232
31.17318,0.512276,0.630527
31.18683,0.513609,0.630784
31.20075,0.514979,0.63102
31.21468,0.516306,0.631192
31.22856,0.517607,0.631333
31.24266,0.518913,0.631478
31.25637,0.520199,0.631628
31.27045,0.521493,0.631811
31.28441,0.522797,0.631987
31.29823,0.524071,0.63216
31.31231,0.525423,0.632293
31.32601,0.526732,0.632405
31.34017,0.528075,0.632471
31.3539,0.529347,0.632498
31.36782,0.53064,0.632482
31.38185,0.53196,0.632414
31.39562,0.533267,0.632295
31.40973,0.534621,0.632106
31.4236,0.535983,0.631837
31.43769,0.53743,0.631492
31.45132,0.538848,0.631112
31.46542,0.540291,0.630712
31.47923,0.54168,0.630345
31.49308,0.543092,0.629983
31.50707,0.544494,0.62969
31.521,0.545847,0.629439
31.53499,0.547149,0.629237
31.54889,0.548389,0.62907
31.56285,0.54967,0.628908
31.57668,0.551022,0.628719
31.59075,0.552502,0.628491
31.60462,0.553954,0.628264
31.61842,0.555363,0.628057
31.63234,0.556711,0.627863
31.64638,0.558022,0.627707
31.66023,0.5593,0.627612
31.67409,0.560579,0.627566
31.68806,0.561838,0.627536
31.70205,0.56304,0.627485
31.71587,0.564176,0.627426
31.7299,0.56527,0.627409
31.74374,0.566374,0.627507
31.75777,0.567563,0.627764
31.77169,0.568914,0.628178
31.78556,0.570464,0.628888
31.79955,0.572253,0.630081
31.81333,0.574162,0.631714
31.82727,0.576194,0.633615
31.84116,0.578236,0.63558
31.85505,0.580247,0.637523
31.86908,0.582251,0.639514
31.88301,0.584206,0.641574
31.897,0.586168,0.643866
31.91082,0.587991,0.646202
31.92478,0.589643,0.648484
31.93862,0.591054,0.650532
31.9525,0.592253,0.652292
31.96657,0.593297,0.653823
31.98041,0.594199,0.655142
31.99441,0.595007,0.656319
32.00828,0.595695,0.65736
32.02215,0.596289,0.658311
32.03637,0.596772,0.659171
32.05006,0.597145,0.659918
32.06406,0.597481,0.660622
32.07786,0.597778,0.661295
32.09185,0.598075,0.661999
32.10587,0.598367,0.662742
32.11967,0.598665,0.663543
32.13357,0.598965,0.664371
32.14749,0.59926,0.665205
32.16143,0.599551,0.666072
32.17546,0.599858,0.666974
32.18928,0.600175,0.667879
32.20335,0.600523,0.668813
32.217,0.60086,0.669684
32.23106,0.601184,0.670489
32.2449,0.601463,0.67122
32.25889,0.601743,0.671935
32.27282,0.602038,0.672707
32.28675,0.602363,0.673542
32.30057,0.602684,0.674361
32.31476,0.602995,0.675116
32.32852,0.603268,0.675767
32.34249,0.603516,0.676431
32.35643,0.603787,0.677205
32.37022,0.604086,0.678124
32.38426,0.604424,0.679089
32.39821,0.604725,0.679962
32.41214,0.604975,0.680697
32.42589,0.605145,0.681291
32.43999,0.605256,0.681834
32.45374,0.60532,0.682321
32.46768,0.605365,0.682747
32.48161,0.605399,0.683069
32.49565,0.605404,0.683326
32.50949,0.605379,0.683543
32.52338,0.605319,0.68376
32.53732,0.605233,0.683977
32.55121,0.605129,0.684187
32.56524,0.605003,0.684372
32.57914,0.604857,0.684539
32.59308,0.604668,0.684707
32.60707,0.604461,0.684898
32.62089,0.604242,0.685109
32.63477,0.604008,0.685345
32.64886,0.603761,0.685562
32.66271,0.603508,0.685743
32.67656,0.603246,0.685893
32.69052,0.602965,0.686054
32.70446,0.602643,0.686259
32.71839,0.602307,0.686489
32.73234,0.601982,0.686707
32.7462,0.601663,0.686895
32.76004,0.601345,0.687069
32.774,0.601007,0.687246
32.78794,0.600618,0.687466
32.8019,0.600138,0.687761
32.81584,0.599575,0.688124
32.82979,0.598931,0.688513
32.84363,0.598238,0.68889
32.85761,0.597452,0.689248
32.87144,0.596565,0.689573
32.88546,0.5955,0.689896
32.89929,0.594288,0.690227
32.91336,0.592892,0.690626
32.92711,0.591466,0.691048
32.94104,0.59002,0.691492
32.95511,0.588514,0.691967
32.96893,0.586955,0.692469
32.98296,0.585299,0.692999
32.99681,0.58363,0.693538
33.01078,0.58186,0.694099
33.0246,0.580009,0.694653
33.03852,0.577974,0.695237
33.05256,0.575731,0.695815
33.06635,0.57346,0.696422
33.08034,0.571151,0.69706
33.09428,0.568856,0.697729
33.10831,0.566494,0.698398
33.12212,0.564066,0.698993
33.13608,0.561447,0.699544
33.14992,0.558722,0.700034
33.16384,0.555903,0.700489
33.17781,0.552987,0.700908
33.19198,0.549894,0.701268
33.20565,0.546749,0.70153
33.2196,0.543404,0.701644
33.23343,0.540019,0.701667
33.24723,0.536622,0.70162
33.26141,0.533099,0.701512
33.27506,0.529664,0.701369
33.28929,0.525996,0.701163
33.30322,0.522368,0.700822
33.31718,0.518746,0.700415
33.33113,0.51526,0.700095
33.34464,0.512019,0.69987
33.35877,0.50887,0.69975
33.37251,0.50611,0.699706
33.38656,0.50351,0.699635
33.40039,0.50115,0.699495
33.41438,0.498942,0.699323
33.4283,0.496901,0.699165
33.44228,0.495001,0.699086
33.45608,0.493352,0.699098
33.47015,0.491806,0.699139
33.48393,0.490418,0.699159
33.49804,0.489034,0.699161
33.51183,0.487701,0.699127
33.52584,0.48637,0.699085
33.53978,0.485081,0.699036
33.5536,0.483823,0.698974
33.56769,0.482533,0.698893
33.5815,0.481315,0.698817
33.59543,0.480143,0.69875
33.60932,0.479041,0.698709
33.62334,0.477947,0.698719
33.63716,0.476888,0.698725
33.65112,0.475848,0.698709
33.66517,0.474867,0.698653
33.6789,0.473997,0.698607
33.69281,0.473201,0.698575
33.70691,0.472473,0.698574
33.72078,0.471794,0.698598
33.7347,0.471163,0.698615
33.74856,0.470561,0.698636
33.76245,0.469946,0.698659
33.77643,0.469279,0.698705
33.79029,0.468603,0.698765
33.80429,0.467894,0.698845
33.81822,0.467178,0.69892
33.83226,0.466445,0.698992
33.84603,0.465711,0.69909
33.85982,0.464993,0.699204
33.87383,0.464255,0.699352
33.8877,0.463549,0.699488
33.90163,0.462898,0.699598
33.91551,0.462317,0.699679
33.92952,0.461784,0.699766
33.94343,0.461299,0.69985
33.95729,0.460879,0.699928
33.97136,0.460495,0.699994
33.98526,0.460179,0.700038
33.99914,0.459953,0.700068
34.01303,0.459781,0.700103
34.02696,0.459639,0.700136
34.04093,0.459531,0.700156
34.05483,0.459439,0.700158
34.06888,0.459364,0.700141
34.08255,0.459306,0.700118
34.09663,0.45927,0.700099
34.11044,0.459255,0.700099
34.12445,0.459242,0.700099
34.13849,0.459231,0.7001
34.15241,0.459245,0.700082
34.16616,0.459287,0.70004
34.18004,0.459364,0.699968
34.19394,0.459471,0.699878
34.20794,0.459604,0.699789
34.22189,0.459765,0.699703
34.23586,0.459948,0.699629
34.24965,0.46017,0.699528
34.26366,0.460434,0.699415
34.27751,0.460729,0.699281
34.29149,0.46104,0.699146
34.30552,0.461386,0.699002
34.3195,0.461786,0.698828
34.33326,0.462282,0.698585
34.34713,0.462926,0.69823
34.36098,0.463659,0.697789
34.3751,0.464473,0.697291
34.38887,0.465295,0.696819
34.4031,0.46622,0.696324
34.41666,0.467183,0.695825
34.43064,0.468277,0.695283
34.44459,0.469456,0.694679
34.45851,0.47073,0.69402
34.47247,0.472096,0.693301
34.48644,0.473492,0.692612
34.50021,0.474908,0.691951
34.51435,0.476408,0.691296
34.52819,0.477984,0.690652
34.54216,0.479611,0.690014
34.55596,0.481194,0.68943
34.56996,0.48276,0.688916
34.58374,0.484286,0.688414
34.59781,0.485925,0.687887
34.61168,0.48754,0.687355
34.62565,0.489181,0.686811
34.63963,0.490691,0.686303
34.65359,0.492088,0.685785
34.66742,0.493319,0.685275
34.68124,0.494423,0.68477
34.69518,0.495406,0.684297
34.70913,0.496298,0.683859
34.72311,0.497103,0.683442
34.73711,0.497821,0.683001
34.75092,0.498415,0.682558
34.76495,0.498923,0.682124
34.77872,0.499344,0.681739
34.79273,0.499755,0.681366
34.80675,0.500148,0.681017
34.82058,0.500515,0.680691
34.83451,0.500886,0.680367
34.84838,0.501229,0.680062
34.86246,0.50156,0.679767
34.87638,0.501869,0.679481
34.89014,0.50216,0.679202
34.90409,0.50244,0.678921
34.91796,0.502699,0.678644
34.93201,0.502937,0.678369
34.94595,0.503144,0.678114
34.95981,0.503333,0.677858
34.97374,0.503495,0.677611
34.98759,0.503636,0.677369
35.00154,0.503766,0.677115
35.01556,0.503888,0.676862
35.0294,0.503998,0.676634
35.0434,0.5041,0.67642
35.0573,0.504196,0.676219
35.07116,0.504286,0.676015
35.08509,0.504369,0.6758
35.09908,0.504436,0.67556
35.11293,0.504495,0.675332
35.1269,0.504544,0.675123
35.14088,0.504583,0.67492
35.15473,0.504612,0.674721
35.1687,0.504629,0.674494
35.18247,0.504635,0.67425
35.19637,0.504622,0.673981
35.21037,0.504593,0.673722
35.22423,0.504539,0.673474
35.23814,0.504462,0.673214
35.25219,0.504361,0.672925
35.26601,0.504238,0.67259
35.2801,0.504106,0.672174
35.29401,0.503943,0.671694
35.30783,0.503753,0.671207
35.3218,0.503517,0.670708
35.33569,0.503261,0.670203
35.3496,0.502971,0.669651
35.36354,0.502675,0.669086
35.37745,0.502378,0.668517
35.39135,0.502076,0.667922
35.40529,0.501777,0.667316
35.41926,0.501455,0.666657
35.43313,0.501091,0.665926
35.44711,0.500677,0.66513
35.46095,0.500245,0.664368
35.47496,0.499815,0.663662
35.48884,0.499407,0.663046
35.50279,0.499011,0.662502
35.51663,0.498633,0.661971
35.53059,0.498259,0.661412
35.54438,0.497919,0.660841
35.5585,0.497586,0.660282
35.57226,0.49729,0.659795
35.58619,0.496997,0.659339
35.60008,0.496704,0.658909
35.61417,0.496393,0.658442
35.62792,0.496091,0.657964
35.64182,0.495782,0.65747
35.65586,0.495482,0.657009
35.66976,0.49521,0.656591
35.6836,0.494951,0.656215
35.69757,0.494685,0.655836
35.71154,0.494435,0.655475
35.72555,0.494184,0.655118
35.7394,0.493953,0.654786
35.75327,0.493744,0.65449
35.76725,0.49355,0.654228
35.78114,0.493346,0.653989
35.79527,0.493121,0.653747
35.80897,0.492882,0.653516
35.82306,0.49264,0.653281
35.83684,0.492412,0.653062
35.85077,0.492181,0.652849
35.86475,0.491947,0.652645
35.87865,0.491706,0.652449
35.8925,0.491469,0.652258
35.90648,0.491224,0.652069
35.92028,0.491001,0.651887
35.93434,0.490795,0.651709
35.94825,0.490621,0.651545
35.96223,0.490463,0.651385
35.97593,0.490329,0.65124
35.99002,0.490202,0.651101
36.00385,0.490081,0.65097
36.0179,0.489957,0.650834
36.0317,0.48982,0.650681
36.04562,0.489667,0.650502
36.05966,0.489503,0.6503
36.07345,0.489333,0.650075
36.08738,0.489154,0.649847
36.10132,0.488984,0.649613
36.11522,0.488829,0.649393
36.12917,0.488686,0.649188
36.1432,0.488561,0.649016
36.15706,0.48845,0.648871
36.17102,0.48835,0.648737
36.18511,0.488259,0.648585
36.19879,0.488177,0.648382
36.21278,0.48809,0.64811
36.22666,0.487996,0.64778
36.24071,0.487877,0.647412
36.25444,0.487749,0.647044
36.26842,0.487602,0.646658
36.28227,0.487435,0.646237
36.2963,0.487232,0.64575
36.3102,0.486971,0.645152
36.32425,0.486664,0.644437
36.33804,0.486331,0.643658
36.35191,0.485973,0.642815
36.36581,0.485577,0.641958
36.37983,0.485155,0.641056
36.39367,0.484694,0.640086
36.40774,0.48416,0.638945
36.42173,0.483556,0.637646
36.43568,0.48287,0.636175
36.44943,0.482147,0.634612
36.46333,0.481402,0.632966
36.47727,0.48063,0.631179
36.4912,0.479797,0.629208
36.50505,0.4789,0.626994
36.51904,0.477847,0.62438
36.53287,0.47675,0.621651
36.54689,0.475703,0.619118
36.56078,0.474708,0.616915
36.57467,0.47378,0.614999
36.58876,0.47284,0.613055
36.60255,0.471914,0.61099
36.61639,0.470992,0.608717
36.6305,0.470065,0.606302
36.64446,0.46919,0.603966
36.65838,0.468329,0.601668
36.67218,0.46747,0.599448
36.68605,0.466588,0.597158
36.70006,0.465695,0.594848
36.71402,0.464792,0.592503
36.72785,0.463916,0.590247
36.74179,0.463075,0.588164
36.75582,0.46224,0.586202
36.76984,0.46138,0.584274
36.78357,0.460497,0.582272
36.79759,0.459576,0.580165
36.81139,0.458736,0.578146
36.82551,0.457967,0.576344
36.8392,0.457303,0.574868
36.85328,0.456649,0.573467
36.86688,0.456023,0.572137
36.88089,0.455326,0.570683
36.89477,0.454621,0.569203
36.90887,0.453899,0.567713
36.92259,0.453226,0.566369
36.93673,0.452595,0.565102
36.95053,0.451996,0.563894
36.96436,0.451399,0.56263
36.97833,0.450799,0.561307
36.99237,0.450204,0.559895
37.00628,0.449626,0.55845
37.02043,0.44901,0.556945
37.03415,0.448444,0.555479
37.04817,0.447847,0.553972
37.06191,0.447315,0.552502
37.07594,0.446822,0.551026
37.08997,0.446382,0.549563
37.10375,0.445983,0.548149
37.11771,0.445574,0.546834
37.13165,0.445164,0.545687
37.14558,0.444738,0.544637
37.15949,0.444324,0.543625
37.17337,0.443898,0.542531
37.18739,0.443457,0.541305
37.20125,0.442989,0.539985
37.21534,0.44245,0.53852
37.22908,0.441869,0.537056
37.243,0.441244,0.535582
37.25694,0.440634,0.534202
37.27086,0.440019,0.532877
37.28494,0.43941,0.531523
37.29878,0.438788,0.530127
37.3126,0.438097,0.528598
37.32671,0.437372,0.527006
37.34048,0.436709,0.525573
37.3545,0.436154,0.524381
37.36833,0.435719,0.523402
37.38231,0.435356,0.522525
37.39638,0.435018,0.521629
37.4102,0.434678,0.520706
37.42407,0.434313,0.519752
37.43806,0.433926,0.518789
37.45193,0.433557,0.517869
37.46582,0.433189,0.516935
37.47971,0.432791,0.515947
37.49366,0.432318,0.514829
37.50756,0.43177,0.513598
37.52143,0.431129,0.512272
37.5354,0.430441,0.51095
37.54937,0.429757,0.509727
37.56321,0.429093,0.508575
37.57725,0.428439,0.507442
37.59103,0.427807,0.506268
37.60495,0.427176,0.50503
37.61903,0.426599,0.503786
37.63287,0.426099,0.502682
37.64666,0.425697,0.501735
37.66087,0.425381,0.500878
37.67458,0.425151,0.500121
37.68858,0.424986,0.499388
37.70267,0.424871,0.498699
37.71645,0.424818,0.498089
37.73029,0.4248,0.49754
37.74429,0.424818,0.49701
37.75818,0.424859,0.496491
37.77209,0.42493,0.495923
37.78605,0.425018,0.495332
37.79987,0.425111,0.494729
37.81374,0.42521,0.494155
37.82784,0.425322,0.493583
37.84169,0.425464,0.493001
37.85574,0.425638,0.492345
37.86944,0.42583,0.491671
37.88341,0.426048,0.49098
37.89745,0.42628,0.490321
37.91126,0.426519,0.489726
37.92532,0.426792,0.489126
37.93909,0.427103,0.488514
37.95317,0.427457,0.487845
37.96705,0.427843,0.487177
37.98095,0.428264,0.486505
37.99483,0.428712,0.485864
38.00885,0.429169,0.485242
38.02272,0.42964,0.4846
38.03666,0.43016,0.483904
38.05059,0.430734,0.48315
38.06448,0.431332,0.48241
38.07844,0.431954,0.48171
38.09232,0.432608,0.481075
38.10624,0.433278,0.480479
38.12014,0.433966,0.479908
38.13394,0.434648,0.47936
38.14803,0.435358,0.478801
38.16199,0.436097,0.478253
38.1758,0.436929,0.477688
38.1897,0.437838,0.477102
38.20361,0.438807,0.476507
38.21764,0.439811,0.475916
38.23171,0.440833,0.475311
38.24535,0.441845,0.474731
38.25943,0.442887,0.474155
38.27325,0.443966,0.473605
38.28721,0.445083,0.473084
38.30119,0.446286,0.472559
38.31508,0.447479,0.472053
38.32898,0.448695,0.471544
38.34278,0.44987,0.471082
38.35676,0.451043,0.47065
38.37074,0.452219,0.47025
38.38467,0.453383,0.469867
38.39866,0.454563,0.469526
38.41259,0.455688,0.469243
38.42643,0.456817,0.469013
38.44036,0.457972,0.468792
38.45424,0.459146,0.468548
38.46819,0.460346,0.468278
38.4822,0.461536,0.468007
38.49613,0.46275,0.467753
38.51006,0.463942,0.467509
38.52401,0.465137,0.467273
38.53786,0.466301,0.467042
38.55187,0.467447,0.466785
38.56579,0.468569,0.466518
38.57953,0.469616,0.466247
38.59336,0.470629,0.466015
38.60743,0.471614,0.465818
38.62135,0.472513,0.465652
38.63534,0.473344,0.465479
38.64914,0.474102,0.465282
38.66335,0.474817,0.465063
38.67696,0.475506,0.464853
38.69093,0.47624,0.464657
38.70485,0.477025,0.464488
38.71879,0.477818,0.464349
38.73446,0.478705,0.464195
38.74687,0.479387,0.464074
38.76041,0.480114,0.463931
38.77442,0.48086,0.463776
38.78839,0.481631,0.463637
38.80251,0.482424,0.463517
38.81616,0.483206,0.463444
38.83023,0.484011,0.463388
38.84402,0.484801,0.463365
38.85794,0.485563,0.463354
38.87189,0.486317,0.463349
38.88594,0.487065,0.46334
38.89964,0.487782,0.463336
38.9137,0.488517,0.463334
38.92768,0.489248,0.463348
38.94152,0.489951,0.463377
38.95562,0.490641,0.463391
38.96948,0.491289,0.463398
38.98333,0.491918,0.46339
38.99713,0.492521,0.463386
39.01131,0.493127,0.463389
39.02511,0.493712,0.463409
39.03891,0.494277,0.463441
39.05289,0.49483,0.46347
39.06683,0.495336,0.463499
39.08091,0.495806,0.463517
39.09469,0.49624,0.463542
39.10866,0.496704,0.46358
39.12249,0.497176,0.463635
39.13655,0.497645,0.46371
39.15047,0.498102,0.463788
39.16435,0.498542,0.463853
39.17827,0.498994,0.463887
39.19228,0.499426,0.463884
39.20605,0.499863,0.463873
39.21999,0.500302,0.463879
39.234,0.500755,0.4639
39.24794,0.501196,0.463923
39.26173,0.501618,0.463931
39.27563,0.502021,0.463923
39.28964,0.502413,0.463907
39.30346,0.502794,0.463901
39.31751,0.503176,0.46391
39.33142,0.503577,0.463928
39.34538,0.503976,0.463955
39.3591,0.504368,0.463987
39.3732,0.504765,0.464026
39.38707,0.505157,0.464064
39.40101,0.505539,0.464122
39.41483,0.505913,0.464194
39.4289,0.506309,0.464284
39.44276,0.506738,0.464359
39.45668,0.507203,0.464431
39.47061,0.507669,0.464486
39.48457,0.508128,0.464533
39.4985,0.508568,0.464584
39.51236,0.509025,0.46465
39.52638,0.509505,0.464733
39.54039,0.510014,0.464827
39.55415,0.510536,0.464913
39.56816,0.511063,0.464983
39.58203,0.511576,0.465022
39.596,0.512108,0.46506
39.60978,0.512695,0.465115
39.62371,0.513374,0.465207
39.63771,0.514143,0.465331
39.65159,0.51495,0.465462
39.66557,0.515794,0.465595
39.67944,0.516665,0.465728
39.69349,0.517574,0.465898
39.70728,0.518556,0.46611
39.72116,0.519622,0.466384
39.73518,0.520802,0.466699
39.74901,0.521964,0.467015
39.76313,0.523162,0.467323
39.77682,0.524307,0.467627
39.7909,0.525536,0.467976
39.80463,0.526736,0.468366
39.81854,0.527982,0.468804
39.83254,0.529227,0.469263
39.84657,0.530423,0.469703
39.86063,0.53165,0.470142
39.87412,0.532803,0.470549
39.88806,0.534015,0.470967
39.90202,0.535195,0.471373
39.9159,0.536316,0.471741
39.92978,0.537371,0.472085
39.94372,0.538358,0.472408
39.95776,0.539272,0.472717
39.97161,0.540082,0.473003
39.98557,0.540829,0.473295
39.99948,0.541491,0.473563
40.01345,0.542066,0.473784
40.02725,0.542563,0.473966
40.04132,0.542964,0.474114
40.05528,0.543263,0.474268
40.06902,0.543513,0.474434
40.08283,0.543737,0.474618
40.09679,0.543918,0.474778
40.11084,0.544079,0.47492
40.12465,0.544197,0.475038
40.13868,0.544289,0.475166
40.15257,0.544359,0.475327
40.16653,0.544406,0.475498
40.18071,0.544429,0.475693
40.19431,0.544428,0.475904
40.20813,0.544412,0.476196
40.22212,0.544383,0.476575
40.23611,0.544349,0.477016
40.24994,0.544313,0.477517
40.26402,0.544285,0.478088
40.27787,0.544291,0.478759
40.29175,0.544323,0.479546
40.30574,0.544385,0.48048
40.31968,0.544486,0.48152
40.33347,0.544603,0.48274
40.34743,0.544766,0.484184
40.3615,0.544985,0.48572
40.37535,0.545229,0.487241
40.38923,0.54551,0.488786
40.40323,0.545807,0.490537
40.41707,0.546089,0.492522
40.43103,0.546342,0.494781
40.44495,0.546548,0.497218
40.45893,0.546678,0.499746
40.47285,0.54674,0.502299
40.48679,0.546737,0.50497
40.50061,0.546659,0.507804
40.5146,0.546534,0.510828
40.52838,0.546342,0.513818
40.54231,0.546119,0.516745
40.55633,0.545815,0.519742
40.5702,0.545476,0.52279
40.58412,0.545063,0.525941
40.59812,0.5446,0.52906
40.61201,0.544094,0.53212
40.62593,0.543537,0.535131
40.63984,0.543,0.538002
40.65394,0.542444,0.540721
40.66768,0.541926,0.543156
40.68169,0.54136,0.545577
40.69556,0.540805,0.547893
40.70962,0.540271,0.550139
40.7234,0.539818,0.552116
40.73743,0.539438,0.553869
40.75135,0.539121,0.555339
40.76523,0.538861,0.556609
40.77925,0.538636,0.557766
40.79297,0.53845,0.558841
40.80688,0.538292,0.559903
40.8207,0.538167,0.560879
40.83496,0.538062,0.561787
40.84862,0.537973,0.562535
40.86269,0.537904,0.563249
40.8766,0.537868,0.5639
40.89056,0.53786,0.564559
40.90434,0.537877,0.565199
40.91839,0.53794,0.565844
40.93208,0.538048,0.566517
40.94605,0.53821,0.567291
40.96001,0.538432,0.568233
40.97389,0.538754,0.569412
40.98781,0.539189,0.570805
41.00169,0.539815,0.572393
41.01578,0.540685,0.574176
41.02952,0.54177,0.576125
41.0436,0.543115,0.578398
41.05747,0.544618,0.580839
41.0714,0.546335,0.583436
41.08527,0.548213,0.586138
41.09924,0.550278,0.588971
41.11325,0.552497,0.591899
41.12717,0.554799,0.594754
41.14098,0.557135,0.597465
41.15501,0.559494,0.60003
41.16877,0.561797,0.602407
41.18266,0.56404,0.604689
41.19672,0.566254,0.606886
41.2107,0.568316,0.608911
41.22457,0.570231,0.610721
41.2384,0.571971,0.612404
41.25246,0.573552,0.613984
41.26622,0.574915,0.615404
41.28028,0.576127,0.616748
41.29412,0.577164,0.617975
41.30816,0.578062,0.619126
41.32193,0.578818,0.620184
41.33605,0.579433,0.621204
41.34972,0.579941,0.622216
41.36369,0.580375,0.623251
41.37778,0.580754,0.624305
41.39159,0.581084,0.625284
41.40564,0.581393,0.626228
41.41939,0.581679,0.627155
41.43332,0.581964,0.628131
41.4473,0.582258,0.629155
41.46114,0.582547,0.630133
41.47509,0.582834,0.631066
41.48906,0.583118,0.631923
41.50319,0.583395,0.632698
41.5169,0.583661,0.633398
41.53078,0.583957,0.634102
41.5447,0.584262,0.634826
41.55865,0.58456,0.635534
41.57253,0.584831,0.636195
41.58662,0.585074,0.636799
41.60033,0.5853,0.637325
41.61441,0.585532,0.637832
41.62838,0.58578,0.638317
41.64229,0.586018,0.638772
41.6561,0.58624,0.639187
41.67006,0.586454,0.639574
41.68393,0.586648,0.639916
41.69781,0.586818,0.640233
41.71182,0.586981,0.640538
41.72581,0.58716,0.640849
41.73956,0.587348,0.641166
41.75368,0.587574,0.641506
41.76746,0.587793,0.641829
41.78157,0.588038,0.642149
41.79542,0.588274,0.64245
41.80922,0.588527,0.642752
41.82325,0.588797,0.643059
41.83709,0.589066,0.643357
41.85102,0.58935,0.643647
41.86494,0.589617,0.643919
41.87893,0.589856,0.64416
41.89275,0.590054,0.644362
41.90668,0.59021,0.644521
41.9206,0.590316,0.64463
41.9346,0.590398,0.644701
41.94835,0.590467,0.644743
41.96251,0.590523,0.644763
41.97625,0.590561,0.644776
41.99035,0.590573,0.644792
42.00412,0.590583,0.644807
42.01798,0.590592,0.644822
42.03191,0.590601,0.644835
42.04584,0.59061,0.644849
42.05993,0.590618,0.644862
42.07381,0.590627,0.644875
42.08775,0.590635,0.644888
42.10153,0.590643,0.644902
42.11562,0.590632,0.644911
42.12947,0.590616,0.644919
42.1433,0.590594,0.644929
42.15727,0.59057,0.644949
42.17125,0.590542,0.644979
42.18515,0.590506,0.645016
42.19903,0.590469,0.645042
42.21296,0.590429,0.645054
42.22694,0.590378,0.645046
42.24085,0.590328,0.645035
42.25475,0.590274,0.645026
42.26881,0.59022,0.645016
42.2826,0.590149,0.644988
42.29668,0.590051,0.64493
42.31047,0.589937,0.644843
42.32447,0.589805,0.64474
42.33829,0.58969,0.644648
42.3523,0.589574,0.644564
42.36601,0.589472,0.644486
42.38011,0.589347,0.644397
42.39391,0.5892,0.644289
42.40791,0.58904,0.644185
42.4218,0.58889,0.644113
42.43578,0.588764,0.644069
42.44964,0.588647,0.644033
42.46352,0.588541,0.644006
42.47751,0.588435,0.643979
42.49138,0.588329,0.643951
42.50544,0.588214,0.643921
42.51922,0.588078,0.643886
42.53326,0.587913,0.643843
42.547,0.587722,0.643781
42.561,0.587507,0.643701
42.575,0.587255,0.643592
42.58882,0.586985,0.643464
42.60306,0.586675,0.643321
42.61664,0.586367,0.643184
42.63065,0.58604,0.643047
42.64458,0.585711,0.642897
42.65842,0.585369,0.642732
42.67245,0.585004,0.642533
42.68634,0.584633,0.642312
42.70029,0.584238,0.642067
42.71412,0.583865,0.641831
42.72821,0.583515,0.641607
42.7421,0.583192,0.641403
42.756,0.582884,0.641219
42.76992,0.582589,0.641043
42.78374,0.582304,0.640874
42.79768,0.582022,0.640693
42.81157,0.581758,0.640529
42.82555,0.581508,0.64038
42.83947,0.581273,0.640255
42.85347,0.581035,0.640131
42.86726,0.580781,0.639981
42.88127,0.580486,0.639746
42.89514,0.580144,0.639401
42.90916,0.579734,0.638976
42.92313,0.579286,0.638547
42.93698,0.578838,0.638179
42.95089,0.578393,0.637856
42.96481,0.577935,0.637538
42.97879,0.577433,0.637178
42.99258,0.576914,0.636766
43.00663,0.576332,0.636305
43.02047,0.575757,0.635858
43.03444,0.57515,0.635422
43.04831,0.574554,0.635012
43.06232,0.573938,0.634602
43.07617,0.573314,0.634191
43.09012,0.572679,0.633751
43.10412,0.572027,0.633303
43.11809,0.571372,0.632886
43.1317,0.570693,0.632505
43.14582,0.570014,0.632128
43.15953,0.569371,0.631742
43.17365,0.568729,0.631335
43.1874,0.568112,0.630927
43.20142,0.567497,0.630514
43.21537,0.566896,0.630122
43.22927,0.566275,0.62973
43.24315,0.565645,0.62934
43.25713,0.564991,0.628934
43.2711,0.564342,0.628509
43.28495,0.5637,0.628068
43.29889,0.563088,0.627617
43.31286,0.562495,0.627181
43.32691,0.561921,0.626757
43.34089,0.561352,0.626378
43.35462,0.56079,0.626012
43.36868,0.560212,0.625658
43.38241,0.559605,0.625278
43.39637,0.558986,0.624887
43.41033,0.558399,0.624541
43.42435,0.557827,0.624218
43.43814,0.557258,0.623937
43.452,0.556703,0.623675
43.466,0.556103,0.623407
43.4799,0.555496,0.623127
43.49379,0.554866,0.622837
43.50773,0.554239,0.622548
43.52167,0.553597,0.622274
43.5355,0.552988,0.622013
43.54949,0.552392,0.621748
43.56351,0.551769,0.621438
43.57741,0.551146,0.621068
43.59122,0.550479,0.620636
43.60513,0.549808,0.620188
43.61906,0.549114,0.619729
43.63294,0.548409,0.619244
43.647,0.547695,0.618715
43.66087,0.546996,0.618159
43.67493,0.546305,0.617612
43.68859,0.54566,0.617096
43.70274,0.545057,0.616613
43.71655,0.544477,0.616125
43.73048,0.543905,0.615616
43.74445,0.543319,0.615058
43.75838,0.542751,0.614522
43.77234,0.542206,0.614049
43.78622,0.541685,0.613646
43.80003,0.541226,0.61333
43.81386,0.540803,0.613034
43.82792,0.540401,0.612704
43.84196,0.540028,0.612311
43.85572,0.53967,0.611897
43.86972,0.539304,0.6115
43.88359,0.538954,0.611145
43.89758,0.538613,0.610825
43.91138,0.538284,0.61051
43.92546,0.537948,0.610171
43.93928,0.537629,0.6098
43.95334,0.537314,0.609398
43.96708,0.537022,0.609011
43.98122,0.536732,0.608618
43.99501,0.53647,0.608265
44.00891,0.536229,0.607934
44.0229,0.535994,0.607613
44.03681,0.535777,0.607312
44.05059,0.535566,0.607027
44.06473,0.535342,0.606751
44.07858,0.535123,0.606489
44.0924,0.53492,0.60622
44.10642,0.534731,0.605954
44.12032,0.534552,0.60571
44.13425,0.534384,0.605488
44.1482,0.534217,0.605279
44.16206,0.534056,0.605076
44.17609,0.533895,0.604866
44.1899,0.533734,0.604659
44.20374,0.533572,0.604468
44.21772,0.533396,0.604302
44.23171,0.533234,0.604161
44.24553,0.533072,0.604032
44.25948,0.532921,0.603913
44.27359,0.532773,0.603794
44.28737,0.532641,0.603672
44.30116,0.53251,0.603542
44.31531,0.532368,0.603399
44.32909,0.532219,0.603259
44.34314,0.532049,0.603106
44.35705,0.531872,0.602955
44.37095,0.531691,0.602794
44.38483,0.531513,0.602629
44.39865,0.531329,0.602451
44.41271,0.531137,0.602269
44.4267,0.530924,0.602075
44.44053,0.530695,0.601874
44.45451,0.530436,0.601653
44.4683,0.530167,0.60143
44.48231,0.529888,0.601209
44.49619,0.529621,0.601008
44.51018,0.529352,0.600818
44.5241,0.529087,0.600628
44.53791,0.528819,0.600435
44.55196,0.528564,0.600243
44.56581,0.528326,0.600061
44.57978,0.528104,0.599892
44.59375,0.527917,0.59974
44.60752,0.527757,0.599604
44.62152,0.527618,0.599468
44.63532,0.527498,0.599336
44.64936,0.527388,0.599204
44.66328,0.527292,0.599078
44.67744,0.527209,0.598953
44.69126,0.527138,0.598842
44.7051,0.527075,0.59874
44.71902,0.527023,0.598648
44.73287,0.526975,0.598564
44.74687,0.526932,0.598474
44.76062,0.52689,0.598353
44.7746,0.526851,0.598185
44.78872,0.526808,0.597992
44.80248,0.526759,0.597795
44.81667,0.526707,0.597608
44.83015,0.526645,0.597437
44.84427,0.526575,0.597252
44.85814,0.526499,0.597073
44.87214,0.526419,0.596893
44.8859,0.526331,0.596711
44.89992,0.526238,0.59651
44.9138,0.526148,0.596303
44.92779,0.526058,0.596082
44.94161,0.525975,0.595862
44.95559,0.525887,0.595627
44.96963,0.525795,0.595389
44.98341,0.525703,0.595162
44.99735,0.525603,0.594947
45.01131,0.525485,0.594758
45.02517,0.525355,0.594544
45.03905,0.525224,0.594302
45.05301,0.525086,0.594024
45.06698,0.524939,0.593734
45.08106,0.52478,0.593428
45.09476,0.524619,0.593142
45.10886,0.524449,0.59286
45.12261,0.524287,0.592605
45.13659,0.52413,0.592356
45.15039,0.523984,0.592122
45.16459,0.523838,0.591885
45.17831,0.523701,0.591659
45.19249,0.523558,0.591423
45.20619,0.523417,0.59119
45.2201,0.52327,0.590949
45.2339,0.523125,0.590707
45.24797,0.522987,0.590468
45.26183,0.522859,0.590245
45.27575,0.522744,0.590042
45.28981,0.522635,0.589856
45.3036,0.522536,0.589683
45.3175,0.522435,0.589499
45.33149,0.522322,0.589285
45.34557,0.522178,0.589038
45.35939,0.522023,0.588796
45.37334,0.521871,0.588577
45.38717,0.521709,0.588377
45.40106,0.521543,0.588194
45.415,0.521356,0.588001
45.42905,0.52116,0.587808
45.44296,0.520963,0.587615
45.45678,0.52078,0.587444
45.47069,0.520608,0.587286
45.48461,0.520459,0.587154
45.49857,0.520326,0.58704
45.51265,0.520213,0.586937
45.52639,0.520117,0.586846
45.54029,0.520022,0.586746
45.55418,0.519937,0.586647
45.56826,0.519854,0.58654
45.58208,0.519776,0.586428
45.59611,0.519698,0.586305
45.60994,0.519619,0.586173
45.62384,0.519541,0.586044
45.63781,0.519464,0.585913
45.65172,0.519391,0.585789
45.66586,0.519316,0.585674
45.67962,0.519243,0.585572
45.69355,0.519164,0.585472
45.70739,0.519079,0.585367
45.72133,0.518985,0.585245
45.7352,0.518884,0.585081
45.7491,0.518767,0.584888
45.76319,0.518642,0.584671
45.77696,0.518499,0.584463
45.79101,0.518337,0.584261
45.8049,0.518173,0.584077
45.81891,0.518,0.583901
45.83263,0.517822,0.583724
